M4 = MKAD-CKAD;"{""type"":""FeatureCollection"",""features"":[{""type"":""Feature"",""properties"":{},""geometry"":{""coordinates"":[[37.6881437810448,55.575644232209356],[37.69194618746073,55.571916823341724],[37.69309737472469,55.56842575453058],[37.69246945105456,55.565685359700154],[37.689050773726535,55.560911424744205],[37.685527546321595,55.55668941156878],[37.683853092120245,55.55542665063669],[37.683120517895304,55.554617673206764],[37.6826321354194,55.55323645354065],[37.682771673270025,55.55185518532912],[37.683678669295375,55.550710669177334],[37.68668697790096,55.5489891781188],[37.69112611694467,55.5470368199901],[37.692730802020776,55.54612899132729],[37.69482386977273,55.54419485252839],[37.69616426076729,55.54260268467928],[37.69707125679386,55.54070784909794],[37.69936170430364,55.532745263312876],[37.701471187343685,55.5284915276801],[37.70276324159289,55.52574556048944],[37.70468188703157,55.522704581008725],[37.707437297625745,55.519110887984226],[37.7110303972658,55.51565462851488],[37.715265156997106,55.511952014526486],[37.71903267895041,55.50839635361322],[37.72740494587518,55.50033566816873],[37.73403296653342,55.49328122150479],[37.740845202274556,55.48527144683729],[37.74863694250604,55.47627062680954],[37.7539836255668,55.46791489701562],[37.755553426380175,55.46538363197453],[37.75750695886933,55.46342574565912],[37.761767503543126,55.46178345877493],[37.76759320878696,55.460300084731585],[37.772954205237085,55.45836804792094],[37.78293107785797,55.453956940949155],[37.78865212971385,55.45130608080507],[37.79164472364545,55.449430814498726],[37.794295942798755,55.447491920798626],[37.796458779475984,55.44517699435082],[37.797923926901404,55.44302023126781],[37.7989741241237,55.440070829198106],[37.799183430898466,55.43682532651175],[37.798520625702054,55.4326528035418],[37.79747408708775,55.42604158526555],[37.79653220659972,55.42085472652954],[37.795600524742184,55.41747589738907],[37.79398124271236,55.41447261826332],[37.791574214796526,55.411264617470636],[37.78864391994449,55.40863069370059],[37.785408100508874,55.405491217229866],[37.78303595705569,55.4031342125042],[37.78080335145435,55.40103457730825],[37.778743809097364,55.39814012475921],[37.77699958597074,55.39497042073032],[37.77629419294496,55.39233421319611],[37.775980232782246,55.3890649717342],[37.77618953955695,55.38571619570797],[37.77706165764846,55.3828394469995],[37.778275209872675,55.37951408271584],[37.78012764969736,55.374950845487376],[37.781941641749285,55.370014990162986],[37.783283985717304,55.36765277476158],[37.78443517298126,55.36598742863359],[37.786182718840166,55.364658751691735],[37.78827578659329,55.36336999963672],[37.79155492607066,55.36222000083558],[37.794711086906005,55.360491911054936],[37.79795534192189,55.35846933002273],[37.80130929660072,55.355824566140825],[37.80375120897804,55.35322661241821],[37.80594893011795,55.35025164689441],[37.80703690844925,55.34734685598488],[37.8078741355493,55.34393503684342],[37.80864159372524,55.338539002007224]],""type"":""LineString""}}]}"
M1;"{""type"":""FeatureCollection"",""features"":[{""type"":""Feature"",""properties"":{},""geometry"":{""coordinates"":[[37.16477257281082,55.62428747974863],[37.14522098312014,55.622970265388716],[37.12112953999156,55.61965484431093],[37.098332984124994,55.61655142146432],[37.08525823762392,55.614124302196956],[37.07502883743689,55.61203902738947],[37.06915730775782,55.61099629006324],[37.026724869418075,55.60598730357816],[37.00526656987327,55.60338855009124],[36.96959187586921,55.598894418795254],[36.93648531613886,55.595158524721285],[36.90618780101667,55.591873737875574],[36.86787532742386,55.5880335869378],[36.843459805999885,55.58568194847609],[36.80307309067416,55.58167001013439],[36.74626076638893,55.57592311561362],[36.697218820665256,55.57108114915292],[36.664209839548676,55.56768609025312]],""type"":""LineString""}}]}"
SDKP;"{""type"":""FeatureCollection"",""features"":[{""type"":""Feature"",""properties"":{},""geometry"":{""coordinates"":[[37.37774683768728,55.728850979442996],[37.380497900394005,55.72851702931305],[37.382919494513175,55.72866545194577],[37.38634596782455,55.72939828042328],[37.38883346764359,55.729769336606125],[37.39123858833335,55.72981571725188],[37.3942038056216,55.72944467054461],[37.39779502342708,55.7289437524918],[37.40160038561433,55.72833150985983],[37.405537535235936,55.72781202373426],[37.41012319808215,55.72734527327796],[37.41238115226636,55.72721356679085],[37.41645008932238,55.72734344096074],[37.42214989031655,55.72728821475437],[37.44765080492911,55.727130524783604],[37.452724609887554,55.72712126591256],[37.45499794314182,55.727306800747584],[37.463778287997,55.728707570816056],[37.49374396987014,55.733365187306276],[37.497335177474696,55.73398662613502],[37.49983913874104,55.73457095511287],[37.50603314735278,55.7364722902677],[37.507499282568006,55.73718642346327],[37.5089818912127,55.73822513933217],[37.510005956842406,55.73919821095305],[37.512724072690276,55.74199882650586],[37.51420823238249,55.74337228819172],[37.51598736275483,55.74451283850493],[37.517173449670764,55.745069192413666],[37.52116001958072,55.7463487762993],[37.52409229780747,55.7472667181415],[37.527189302531184,55.748518414931226],[37.52947910230381,55.749241602265215],[37.53178538241693,55.74987205967872]],""type"":""LineString""}}]}"
CKAD = A108-M8;"{""type"":""FeatureCollection"",""features"":[{""type"":""Feature"",""properties"":{},""geometry"":{""coordinates"":[[37.30492521787261,56.12318231502741],[37.311566211501116,56.12500177680951],[37.31905139923478,56.12848361026991],[37.324229123979734,56.13241629040462],[37.331864493171395,56.1400905838116],[37.33754873348022,56.14611065300025],[37.34656268299662,56.153569887381394],[37.358662798506,56.16215772786501],[37.37894340606209,56.17322730312995],[37.40105532341789,56.18196772862731],[37.42172533023859,56.18812061732069],[37.436466608475826,56.19133037144741],[37.46194338281947,56.193648360226376],[37.469411459362846,56.19364085713977],[37.48039055758281,56.194319591907544],[37.48974310372148,56.194206471068696],[37.50600840135263,56.192339929078],[37.522680331426045,56.1922268024025],[37.54829817519584,56.1923964922909],[37.56771497152093,56.19250966349901],[37.58042223529705,56.19143495136771],[37.59729748158978,56.18690951742866],[37.60807330947691,56.184363719434174],[37.61701922317505,56.18283616368845],[37.635825769407404,56.17808342276376],[37.69509244765385,56.16302905588532],[37.71188805018636,56.159144853744635],[37.7207323087508,56.15778613616337],[37.72622184670101,56.15750306419389],[37.75234798102176,56.154049418218165],[37.805514931959465,56.1472544938668],[37.8134442645557,56.146008620175905],[37.82168989567958,56.14318256183006],[37.83104244181817,56.13853815352772],[37.839378406854934,56.13491285959515],[37.847917688110925,56.13242027172248],[37.858591789681356,56.13128722382072],[37.87170568589795,56.1308339953122],[37.882310787554104,56.12981091250464],[37.8925986939212,56.12827549037098],[37.90642419690809,56.12549916450985],[37.927569083829724,56.12164597209048],[37.936514997527865,56.11926586630324],[37.94546091122433,56.1138817504613],[37.94943035037534,56.112066642012564],[37.95471657210612,56.11081962787702],[37.96225493017312,56.10764522775051]],""type"":""LineString""}}]}"
CKAD = Domodedodo-M4;"{""type"":""FeatureCollection"",""features"":[{""type"":""Feature"",""properties"":{},""geometry"":{""coordinates"":[[37.918160740926965,55.35296200847691],[37.910006691486785,55.3531438015755],[37.907008879193484,55.35287111161426],[37.90121310875779,55.35157580865257],[37.89585701745858,55.3503259147482],[37.88562444036944,55.34784872190474],[37.878189865879534,55.34614415092179],[37.87403289949796,55.345325930790864],[37.8685169248773,55.34478044131211],[37.85896383540822,55.344507692925674],[37.84901109859095,55.3441212973386],[37.84181634908535,55.34316665678705],[37.829625245755835,55.341575538070515],[37.82506849651131,55.340916336779145],[37.81863319278679,55.339825228847985]],""type"":""LineString""}}]}"
CKAD = Egorjevkoe-M5;"{""type"":""FeatureCollection"",""features"":[{""type"":""Feature"",""properties"":{},""geometry"":{""coordinates"":[[38.361443887519016,55.63330110939114],[38.36356807132063,55.62911364009122],[38.36417498097791,55.624849575208884],[38.364714451634796,55.61831932275226],[38.36505162366669,55.61369227841715],[38.36558941401722,55.61060110726157],[38.36741014299025,55.606525488169495],[38.37068071169978,55.60252563712356],[38.37590828626685,55.59815334581046],[38.379988067853475,55.594800401861335],[38.382955181734474,55.591199478219636],[38.38524807087495,55.58651200220791],[38.38767570950526,55.580833005953],[38.3887919550277,55.57588731778699],[38.39017436035877,55.57197965655433],[38.39229854416044,55.567270884791384],[38.395931073706635,55.55914136620453],[38.401328296221834,55.54705903421825],[38.40338504561686,55.54188942213543],[38.4046410292529,55.53641350782462],[38.405551393738875,55.53124249586017],[38.40577359418435,55.523018633607705],[38.405234118932526,55.51780768250151],[38.40354825468924,55.509058095211344],[38.40175858306549,55.500917533793825],[38.400983087392774,55.49746079083377],[38.399297227233035,55.494786858875045],[38.39650504803498,55.4913383105806],[38.39299845890338,55.48908422959664],[38.388345484861475,55.486734499410176],[38.38170313527996,55.48451836940336],[38.37404933015509,55.48291350481378],[38.36814881959529,55.481595174285985],[38.36457479605593,55.48050608536485],[38.36034988479972,55.47883792682666],[38.35620266880639,55.47643025838357],[38.352662362471534,55.47362112596207],[38.34888604619309,55.47084540335561],[38.34352501088401,55.4671184318332],[38.33947894650058,55.46440421035095],[38.33721989857327,55.462263291484476],[38.33543288680474,55.45954873577901],[38.334016764270274,55.45641338257815],[38.33361215783171,55.453239539530216],[38.3331786741594,55.448645109081326],[38.33307752255067,55.44451442583923],[38.33267291580637,55.439082686747014],[38.33240317818104,55.436423920987835],[38.333482128683556,55.432731956435475],[38.33562123275135,55.42664432562688],[38.338340489064194,55.41932998894666],[38.34060723950114,55.41309033353227],[38.34225938245757,55.40826681919444],[38.343136029741345,55.40612284601983],[38.3436710598358,55.403201336494675],[38.34394079746116,55.40188034031664],[38.34390708025791,55.399659435637034],[38.34346875661711,55.39671080040347],[38.34245424577341,55.39416869232201],[38.34090325442574,55.391238797853646],[38.3387116583622,55.388289534170895],[38.336688626170485,55.38606786585845],[38.33389009830492,55.38399930384759],[38.33109157134865,55.382313723532405],[38.32822560907766,55.380570610226755],[38.32586540485286,55.37907645196523]],""type"":""LineString""}}]}"
CKAD = Kaluzhskoe-PK5;"{""type"":""FeatureCollection"",""features"":[{""type"":""Feature"",""properties"":{},""geometry"":{""coordinates"":[[37.10831153674454,55.45698064637287],[37.1109630811292,55.45452588987078],[37.11231591009425,55.45335982710489],[37.11345228625933,55.453421199693224],[37.11567092543868,55.45369737516043],[37.11686141677774,55.453605316318374],[37.12108224253376,55.45231647792011],[37.13332693416476,55.44730557590404],[37.14961499252993,55.440000435151944],[37.16231690380434,55.43322825731025],[37.16752306661755,55.43092073393251],[37.17926562032221,55.428525767117435],[37.188208453546935,55.42653740639375],[37.20276489108895,55.420057659752985],[37.22794434480542,55.40858895676959],[37.24320425330632,55.40207553903116]],""type"":""LineString""}}]}"
CKAD = M2-Kaluzhskoe;"{""type"":""FeatureCollection"",""features"":[{""type"":""Feature"",""properties"":{},""geometry"":{""coordinates"":[[37.563312287565594,55.32820917743683],[37.54523849522738,55.33196459883706],[37.53901548289562,55.33381139684644],[37.53428831844437,55.335361304635114],[37.528281758715195,55.336623184408694],[37.51837905213455,55.338500540912946],[37.510153853226086,55.33988541901917],[37.50279446472919,55.34080864419431],[37.490847800217864,55.341490207066784],[37.47699483363567,55.34222875900764],[37.470284802946736,55.34305961348181],[37.463682998560586,55.344352019134334],[37.45795860604258,55.3460993661966],[37.45081567014833,55.349206984335694],[37.44670307069413,55.35157599474425],[37.44145409507479,55.35542148908178],[37.4309838910753,55.36297859056771],[37.41750974301675,55.37361975423033],[37.4117737490412,55.37678670435619],[37.4074446969843,55.37881587893756],[37.4024662871185,55.38069123561482],[37.39411696972593,55.383201120715626],[37.378099477115256,55.3864595189697],[37.36700624984786,55.388734103367966],[37.35888927724122,55.3897791330009],[37.348716004907004,55.39051678434822],[37.31434551754273,55.39210342040883],[37.26654945846474,55.394364036344484],[37.260759351338265,55.39540891718241],[37.25534803626715,55.396730344575104],[37.25015317379871,55.3989121396375],[37.242787845155135,55.40206248920995]],""type"":""LineString""}}]}"
CKAD = M4-M2;"{""type"":""FeatureCollection"",""features"":[{""type"":""Feature"",""properties"":{},""geometry"":{""coordinates"":[[37.81992072660137,55.340083541116],[37.81391416687225,55.33872944537708],[37.80855695384281,55.338575570201186],[37.80071054698877,55.3392218514515],[37.7905372746545,55.337929278407586],[37.773116581290594,55.33544122225388],[37.760724669777034,55.33467176519508],[37.74773751360544,55.33433319935517],[37.73266682395743,55.33381397474247],[37.72379226724007,55.33276746650611],[37.714106013263006,55.33255200549746],[37.65495130337794,55.33243705018393],[37.611930754846355,55.33180147670046],[37.60424668744591,55.33130898066739],[37.59591326223568,55.33001614945678],[37.589016940183626,55.32841438220947],[37.58306449360444,55.32739851561121],[37.57803197058868,55.326905964857644],[37.57370291853178,55.32699831859006],[37.56834570223336,55.32739851694711],[37.5629885003122,55.32816811524572]],""type"":""LineString""}}]}"
CKAD = M5-Domodedovo;"{""type"":""FeatureCollection"",""features"":[{""type"":""Feature"",""properties"":{},""geometry"":{""coordinates"":[[37.9181434010259,55.35286725171099],[37.92873567113202,55.352526386585424],[37.93820875798056,55.35191282196493],[37.94378946324116,55.35090510903777],[37.95026473779643,55.34885977291873],[37.956540158198095,55.345564286960695],[37.961239305028414,55.34324491193365],[37.96619568802166,55.341699257692625],[37.974109912478866,55.34033539503935],[37.9830234077001,55.33958525056397],[37.99465491940089,55.33860776826748],[38.00373936192398,55.338097207797404],[38.01333236126473,55.33887011273302],[38.02228582410237,55.34052954226712],[38.03443695660118,55.34325720724803],[38.04123199780091,55.344030011511336],[38.04986573015083,55.344325511724634],[38.06725304145664,55.34398457306955],[38.07674421210203,55.34407908745604],[38.086656978087234,55.34512462087039],[38.09776886899138,55.34803378599452],[38.104616876658696,55.34980535251472],[38.11229127613154,55.350737107598775],[38.122124100455295,55.35121433951733],[38.13203686644184,55.35144159079027],[38.13776538313431,55.35187702972459],[38.14412074519882,55.35287690883629],[38.155632344407394,55.35514926746356],[38.16470571598512,55.35671711821169],[38.17341935705272,55.3576714321521],[38.18109375652563,55.358216744075435],[38.19220564742977,55.358216744075435],[38.20315772389722,55.35746693226412],[38.21614824383843,55.356671668136386],[38.22905882211833,55.3557854978616],[38.242728942384474,55.354853858730706],[38.257877887176676,55.35455845728026],[38.26975466658021,55.3549687086911],[38.276909445255086,55.35474147766081],[38.28462381555869,55.355900342280705],[38.29101914845259,55.358831436676866],[38.29429690273767,55.36208047739416],[38.29961302320609,55.367350924260904],[38.30288821669171,55.36991281077255],[38.306845328921014,55.37195705938669],[38.311101046896,55.373418697699464],[38.31625728404154,55.37509938313073],[38.321053783713296,55.37662102322071],[38.32383481860467,55.37807772382749],[38.32579338930461,55.37919048705774]],""type"":""LineString""}}]}"
CKAD = M7-M12;"{""type"":""FeatureCollection"",""features"":[{""type"":""Feature"",""properties"":{},""geometry"":{""coordinates"":[[38.55010846548231,55.85570541892815],[38.548218931132595,55.85320790051168],[38.5451103423639,55.85009433086145],[38.54248937536238,55.846980511755504],[38.54139222638565,55.844687760214725],[38.540416982850246,55.840991696917825],[38.54066160569519,55.83702278913188],[38.54224637644012,55.83247020810248],[38.54403042015247,55.82964596234967],[38.547443772525924,55.82635931897403],[38.55268570652797,55.8224903099983],[38.55595326161668,55.82049428017547],[38.56003709392084,55.817172618148135]],""type"":""LineString""}}]}"
CKAD = M8-M7;"{""type"":""FeatureCollection"",""features"":[{""type"":""Feature"",""properties"":{},""geometry"":{""coordinates"":[[37.96214929741927,56.10776859136459],[37.96800075863081,56.10430153457065],[37.97494936881901,56.09893037907446],[37.98392465479262,56.09374988621542],[37.99672472619335,56.087016980816344],[38.00257618740483,56.08490845532177],[38.009646703035315,56.0839221699089],[38.02049628736523,56.0840242006054],[38.0261649692346,56.084058226576786],[38.03226024133073,56.08273180761691],[38.03853837158826,56.08041896788882],[38.04506031273041,56.07739165905258],[38.05017458672148,56.07617929868482],[38.07108137000935,56.07304959725718],[38.08069686859335,56.07083950992421],[38.09672743420404,56.06532758004684],[38.12392683816208,56.05637614560564],[38.15635368570844,56.04589206665253],[38.165191891074414,56.043177987110084],[38.17177478493775,56.04219063356257],[38.1789672060095,56.042122539283184],[38.19505872434141,56.040181801801566],[38.19997540526779,56.038712309146376],[38.21344595659818,56.03176544747916],[38.22005222084698,56.02825976754454],[38.269003615507614,56.011958002349616],[38.278268429092606,56.00868678079016],[38.28539989744425,56.00466552478849],[38.29056202022707,56.0005446116339],[38.29757158313646,55.990829493872155],[38.301863339113225,55.983774269091725],[38.305520502370314,55.98039835658662],[38.31149386902413,55.97698804476849],[38.317101519352036,55.975214563785244],[38.35177162967037,55.967679725493724],[38.35713546911359,55.96570113085551],[38.36109739902088,55.963449498832546],[38.36579075853351,55.96072007796056],[38.37304413232749,55.9576833710436],[38.386942629265235,55.95285550161],[38.39383028673336,55.95111504176211],[38.402302714945336,55.94981817767456],[38.4104363823694,55.94852012194545],[38.42006691228025,55.94674533593775],[38.42793709625221,55.94428371531245],[38.43476380099912,55.94104090162091],[38.440493356768314,55.937080887239574],[38.45396392383435,55.92642777877026],[38.45737727620778,55.92396895923426],[38.46164396667436,55.92226135388489],[38.465666846257335,55.92110013927365],[38.469628773119155,55.92065613625829],[38.473956416306834,55.92048536451313],[38.477918279369845,55.92075863603708],[38.48265270735584,55.92165430804894],[38.48758987775307,55.92322533234383],[38.49301466991747,55.925513449464574],[38.50044799729733,55.92833050566017],[38.50562897857816,55.92942321061659],[38.511968061557894,55.92976467459641],[38.51635665746676,55.92938906405303],[38.52163050309335,55.928183972648526],[38.52601909900221,55.92671559628923],[38.52955435681699,55.9243250971561],[38.531748654771434,55.922310133369564],[38.53315056297302,55.91899716953168],[38.53690863032193,55.90590324967741],[38.541723898235404,55.88997804254967],[38.542998555476856,55.88634876005156],[38.5452538061524,55.883135284334],[38.550190976549686,55.87800684653266],[38.552485619790104,55.874790722116586],[38.554131343255136,55.87078973890499],[38.554618965023366,55.86620690980354],[38.55425324869748,55.86312858667921],[38.55285133611497,55.85977635738183],[38.55029132183566,55.85567119284491]],""type"":""LineString""}}]}"
CKAD = M10-M11;"{""type"":""FeatureCollection"",""features"":[{""type"":""Feature"",""properties"":{},""geometry"":{""coordinates"":[[37.14476639774759,56.059838223173045],[37.1487059668537,56.06096940882307],[37.15827350004645,56.06291749196242],[37.16767219441846,56.064991149728684],[37.173862951191154,56.066562028328974],[37.182304892243565,56.071462758163875],[37.20519692268442,56.08606704149574]],""type"":""LineString""}}]}"
CKAD = M11-A107;"{""type"":""FeatureCollection"",""features"":[{""type"":""Feature"",""properties"":{},""geometry"":{""coordinates"":[[37.20497489170526,56.086113778212166],[37.211053089263544,56.08975612152972],[37.2172438460353,56.09283300524797],[37.22456019494737,56.0962549647231],[37.231763978339416,56.09955105478909],[37.23913660685869,56.103003804533444],[37.24600271891501,56.10629932225302],[37.255588947589274,56.110529980875896],[37.265437878817096,56.11426414941582],[37.275174250831355,56.117307699424],[37.28387687110114,56.11944909358181],[37.29468255564856,56.12108049747886],[37.303068217093795,56.122554976095074],[37.304812884911456,56.12308828423022]],""type"":""LineString""}}]}"
CKAD = M12-Nosovikhinskoe;"{""type"":""FeatureCollection"",""features"":[{""type"":""Feature"",""properties"":{},""geometry"":{""coordinates"":[[38.43690252652456,55.6973479926134],[38.44106668835744,55.69893944987402],[38.449299284163175,55.70194685742294],[38.45518659411911,55.70405056836495],[38.45949434773823,55.70514282900601],[38.46633888960014,55.706383384309106],[38.471364602156626,55.70786660525823],[38.47382958873834,55.708918324615354],[38.47722792770469,55.711169955461855],[38.47954932826585,55.71325967636497],[38.481074250443186,55.71628097925935],[38.48162468562808,55.71931401158426],[38.481924357024184,55.72134721970153],[38.48283377081589,55.72366552484124],[38.4847483279799,55.72621280613009],[38.48716545618592,55.72822086369084],[38.490994570513976,55.73055223654984],[38.49448863733886,55.7324253196586],[38.49825520626666,55.73486453047548],[38.50026549128921,55.73697993083724],[38.50155781737607,55.73875839529143],[38.5024859800632,55.740831917613946],[38.50363471436236,55.74394387005836],[38.50559265298324,55.749568532291136],[38.507866189616664,55.752787532671675],[38.51042968220543,55.7548796960146],[38.51401947688879,55.75698054490556],[38.517609271570564,55.7581386568053],[38.525225377272676,55.75990430777628],[38.53513321059776,55.76243575987877],[38.54104512794487,55.764448988653356],[38.54583152085664,55.76657624870296],[38.550019614652626,55.76902649301397],[38.55526488747938,55.772634678147966],[38.558519634657955,55.775986375743514],[38.56064011619861,55.77866764970631],[38.56203421794538,55.78133585343497],[38.56306329242139,55.78354293680093],[38.563254300502535,55.78461700039003],[38.563927047443656,55.787645019938026],[38.56443573031291,55.79178765390196],[38.565676671136,55.80001787578291],[38.56604752165839,55.804296382311605],[38.5656429152198,55.80765035035677],[38.564260529967044,55.81123139435138],[38.56294555904253,55.81344806149946],[38.55997844516159,55.81708539555282]],""type"":""LineString""}}]}"
CKAD = Nosovikhinskoe-Egorjevskoe;"{""type"":""FeatureCollection"",""features"":[{""type"":""Feature"",""properties"":{},""geometry"":{""coordinates"":[[38.43693454609004,55.69735891091236],[38.43191068281408,55.69409046360414],[38.42247006808364,55.687928924504234],[38.41030961547176,55.67997338217751],[38.4000258684967,55.67328119934396],[38.39037659465083,55.667257716548505],[38.38397032604374,55.663416207836235],[38.37658627076232,55.659155884417515],[38.367179171071,55.65371567963615],[38.36344043930143,55.651551347152605],[38.361113952281045,55.649763043897025],[38.35912463729264,55.64763219296296],[38.35770851475826,55.64496846623905],[38.357472494336236,55.64266609932045],[38.357613323586435,55.64045646845139],[38.35869227408776,55.638058683300386],[38.35977120552394,55.63617462788255],[38.36138963127706,55.63322462835572]],""type"":""LineString""}}]}"
CKAD = PK5-M10;"{""type"":""FeatureCollection"",""features"":[{""type"":""Feature"",""properties"":{},""geometry"":{""coordinates"":[[37.10784364472062,55.45733374225682],[37.08890404197081,55.465648020224535],[37.064582000265716,55.476221111782365],[37.05446284108237,55.480667798010785],[37.04687101062922,55.485069779336186],[37.03031238651144,55.49500290024929],[37.00128128114093,55.512462890528724],[36.99486324626426,55.51636050117381],[36.98247133475067,55.52380465863132],[36.97922454570801,55.525918175022014],[36.97835873529644,55.52800094965636],[36.979116319407126,55.53020612025455],[36.981340443575306,55.53218482169444],[36.98653530604375,55.536165866328645],[36.98956564248377,55.538493059610175],[36.99010677399093,55.54002403271258],[36.988375153167766,55.54219791209832],[36.98740120733319,55.544115521950914],[36.9879423388403,55.545707505063376],[36.99097267528032,55.54717697071575],[36.99194671199277,55.54901372553644],[36.99221727774628,55.550727952600226],[36.99010686486875,55.554278613692276],[36.98956580965569,55.55580896331975],[36.99097275157436,55.55859406273581],[36.9960601631156,55.56521405523992],[36.997196539280736,55.56919175594106],[37.00152585282251,55.583869850451464],[37.00429345505188,55.5932213875912],[37.007864922999005,55.594903110029634],[37.008676620259706,55.5960344100275],[37.005321604915196,55.60334121070608],[37.00417159034342,55.605286395649586],[37.005686758562945,55.60730383340717],[37.01055694212786,55.6105743074705],[37.01142275253943,55.611919096176536],[37.010394602675234,55.61473077808654],[37.01093573418231,55.616381019224264],[37.01623882295257,55.620353537089954],[37.0202761276384,55.62368492804353],[37.02017538732582,55.62486284552401],[37.020716518832955,55.6272764397668],[37.02141998979184,55.6298120812022],[37.00486136567403,55.62990372782028],[37.00421200786511,55.63427196803019],[37.00448260093634,55.63555487729431],[37.00361679052571,55.637082069103116],[36.99771845709748,55.6396170760741],[36.99209068942372,55.643801005853135],[36.98814046910883,55.64728219059609],[36.98738288499814,55.649572270241606],[36.98743699814901,55.65195381100955],[36.986462961436615,55.654518385234695],[36.98343262499654,55.656838569551184],[36.97737069005498,55.65823056146249],[36.968712585941205,55.65829161491686],[36.96427530758251,55.6588410917189],[36.930170557533785,55.66748676329729],[36.90544012658489,55.67429492593976],[36.901056961377066,55.676186761980205],[36.89526685425065,55.68024474680311],[36.88624504378302,55.689066252533706],[36.88023848405393,55.69473934314729],[36.88018437090304,55.697392602966545],[36.881961816516394,55.69995109263127],[36.88207004281821,55.701780702296645],[36.87633404884261,55.706598264687614],[36.87472485956894,55.708276892200104],[36.87147807052628,55.71547132976778],[36.87153218367715,55.71781838079892],[36.872397994088715,55.7199214625619],[36.877268177652695,55.72379205615297],[36.87885380075272,55.72554435351975],[36.87982783746605,55.72767749184112],[36.88015251637054,55.729475332206306],[36.87831266924556,55.733040296205786],[36.876765758526375,55.73569633374544],[36.87709043743075,55.73816402712376],[36.87903851085659,55.74047925188211],[36.88493675268538,55.746784481628765],[36.89078097296181,55.75324097085374],[36.9032644606674,55.767775991105594],[36.919822563309936,55.7871924834152],[36.92122950522858,55.78913970554629],[36.92177373582345,55.79069478907442],[36.92204430157702,55.7924897265934],[36.92090792541188,55.798573645141914],[36.917769404734884,55.817259738641866],[36.9174791293388,55.82015081415818],[36.91839905290129,55.82352510780194],[36.92018478687436,55.83018163971815],[36.92482167836508,55.847006920824185],[36.927094319825216,55.850652242516134],[36.93402080311682,55.85703078910052],[36.93943211818794,55.86240617954917],[36.9416975858785,55.870410087704954],[36.94376130221289,55.878590705104244],[36.94441066002176,55.89164102509591],[36.9446271513072,55.89968925613712],[36.945601260216534,55.91296698984638],[36.94620706758943,55.92271481237427],[36.94772223580992,55.92592861773758],[36.95123959060609,55.92959688115366],[36.96265801586733,55.94038885293779],[36.97949241600986,55.956757751483536],[36.99323535821537,55.969959988519264],[37.00124410452116,55.97710616522696],[37.01682953458115,55.988154024477154],[37.02137493760134,55.992058490112214],[37.02510874500021,56.00225675551923],[37.02757846637081,56.00881273005558],[37.02871484253501,56.01456033242124],[37.03185340527679,56.01837142871943],[37.03585777842926,56.02057927277838],[37.04812634107705,56.024857554110355],[37.07697706187858,56.03474164465035],[37.10156166514943,56.04331733288808],[37.1160098715728,56.04830425323493],[37.13148623267725,56.05356249803424],[37.13857754443322,56.05634473975846],[37.14149965457142,56.05767420139637],[37.144800556765006,56.05978915954495]],""type"":""LineString""}}]}"
M11 = A107-M10;"{""type"":""FeatureCollection"",""features"":[{""type"":""Feature"",""properties"":{},""geometry"":{""coordinates"":[[37.17453036927063,56.09857056708441],[37.15061326830704,56.102161976090684],[37.142027642320244,56.10382930210983],[37.135128478581294,56.105795798956166],[37.12730942634329,56.109087318858],[37.121023590372715,56.11314794363915],[37.11711406425371,56.116695256078344],[37.112744593885196,56.12297704314088],[37.10577236846609,56.13302688258395],[37.101326240722415,56.13623064356412],[37.0964201687305,56.138409048557435],[37.09113080986421,56.13977582788803],[37.08572956740193,56.14055060015133],[37.079367005287594,56.140636020524425],[37.07185458254881,56.13961096351866],[37.0662772410607,56.13895698099316],[37.06070851316167,56.13861528795934],[37.055265839545115,56.13878613711668]],""type"":""LineString""}}]}"
M11 = CKAD-A107;"{""type"":""FeatureCollection"",""features"":[{""type"":""Feature"",""properties"":{},""geometry"":{""coordinates"":[[37.205098773383696,56.08600952397313],[37.201676080789696,56.08879303012412],[37.196977129939796,56.09170578628866],[37.19285829647879,56.09364750135575],[37.18711513432942,56.095750915537366],[37.182010101306844,56.09727177422002],[37.17475863394631,56.09863078860306]],""type"":""LineString""}}]}"
M11 = CKAD-M10;"{""type"":""FeatureCollection"",""features"":[{""type"":""Feature"",""properties"":{},""geometry"":{""coordinates"":[[37.20504076799742,56.086074259445894],[37.201618075403445,56.08892249111827],[37.196977136292645,56.091673424028414],[37.19169806805391,56.0941976366467],[37.1864189998152,56.09600978982948],[37.18241618983134,56.09720705853974],[37.174874663776336,56.098533718224814],[37.14773433603432,56.10264146425655],[37.14123702127884,56.10406499386164],[37.13624801173452,56.10548847082751],[37.13149104914555,56.1072677430123],[37.12580589873522,56.11021144910629],[37.12081690536678,56.11351074821664],[37.11814836537786,56.115774790207325],[37.115131754955456,56.11933230134733],[37.111883097577675,56.12424759364242],[37.10608193794607,56.13278319927258],[37.1024852101348,56.13556332464333],[37.098424388412894,56.1377290969707],[37.09297128495788,56.13940991081202],[37.08757391023994,56.14028429490864],[37.0827009241728,56.140672155768186],[37.07800197332293,56.14047822582742],[37.07156267030652,56.13954088398941],[37.06518137902913,56.13892675108241],[37.06123664147205,56.138700486223456],[37.05514540888811,56.138700486223456]],""type"":""LineString""}}]}"
M11 = MKAD-A107;"{""type"":""FeatureCollection"",""features"":[{""type"":""Feature"",""properties"":{},""geometry"":{""coordinates"":[[37.48249960439716,55.88753982682758],[37.486155487541026,55.89519864105199],[37.48622308970582,55.898603231585554],[37.48437327388632,55.901950462716314],[37.47864802292372,55.9057013035536],[37.459016881623086,55.91678333512115],[37.45632670346049,55.91941182295318],[37.44880801132314,55.94154068494444],[37.44603565703321,55.9441620716417],[37.42927377771042,55.95439720228504],[37.42506606314785,55.95559434270186],[37.402163302073575,55.95961059481172],[37.39774865072857,55.95961059481172],[37.393609915093464,55.95879971690613],[37.390023010877115,55.957177910131406],[37.386367127732,55.95501539539464],[37.382435328878245,55.9540499480255],[37.37712395148057,55.95377961844724],[37.37284725799054,55.95470645485602],[37.36891545913673,55.95617390045604],[37.34941656646464,55.96489158740846],[37.34010439288926,55.968057282908745],[37.33424118407288,55.969640031026074],[37.32672248100158,55.97292113185219],[37.31161802255164,55.98284066813082],[37.30665153978907,55.98700812590437],[37.288586653313956,56.00787085822972],[37.272041754411106,56.02736840666651],[37.267006292808134,56.04225065806128],[37.26460523687686,56.046137810004836],[37.26101833265929,56.04952798992227],[37.25591389204294,56.05318750882711],[37.248849255505945,56.05689964939202],[37.221657111940544,56.07013153385597],[37.21675960810546,56.0732886095883],[37.213095305706844,56.076422497269476],[37.21112351529791,56.07878948328465],[37.20526258075395,56.08591398235029],[37.199951203355056,56.08991639471381],[37.19599203829466,56.09227622142615],[37.188542314150794,56.095393005835746],[37.18123054786193,56.09731682091561],[37.17488448655428,56.09854801212583]],""type"":""LineString""}}]}"
M11 = MKAD-CKAD;"{""type"":""FeatureCollection"",""features"":[{""type"":""Feature"",""properties"":{},""geometry"":{""coordinates"":[[37.48253516834524,55.88721387593753],[37.485211432655404,55.891822465348014],[37.48649344551578,55.89763833962189],[37.48573652227583,55.900184575170755],[37.48397936626188,55.902351766986925],[37.48100573925049,55.90438245969261],[37.460217964955376,55.91597075881538],[37.45756643366914,55.91818710024506],[37.45614290917254,55.920088515572786],[37.451195278660634,55.93425653228866],[37.44884340648525,55.94094888077615],[37.44737010587875,55.9429957245016],[37.44501823724275,55.94487290712209],[37.42944333661413,55.95422551652314],[37.42560465447198,55.95546652944529],[37.40291447990785,55.959460072540935],[37.399670486033585,55.95961154738933],[37.39626433145639,55.959369427578764],[37.39315553958133,55.958612793408975],[37.3905333412161,55.957356748031856],[37.3872353185306,55.9553439638286],[37.3851537796229,55.95461751976774],[37.3818557569374,55.9539061967495],[37.378538628222685,55.953752497871136],[37.37499730878176,55.954115729721536],[37.37183445096082,55.95496325745253],[37.357544789510484,55.961329103754395],[37.34707398585891,55.96582142378293],[37.341315962645666,55.96763698273662],[37.33482805813077,55.969437329620746],[37.3287726722163,55.97190321268491],[37.323257621386176,55.974838579593836],[37.31341761927544,55.98140291792575],[37.30807762184588,55.985429469548734],[37.304617401323725,55.98927035449813],[37.29950144580994,55.99526274535569],[37.28858833580435,56.00783735944569],[37.279062941114574,56.01900503812951],[37.27287768916352,56.02633090676079],[37.27127808593386,56.02904527096311],[37.26892621729692,56.03647635511993],[37.26891517918543,56.03648988112528],[37.26712976011572,56.0420582394033],[37.265061906663476,56.04535659800911],[37.26173628355505,56.049002203618016],[37.25806957433949,56.05194282355373],[37.25512228948443,56.05375426427341],[37.23595065726025,56.06321441988598],[37.22187812377706,56.06997321400033],[37.21811203203566,56.072360550352045],[37.21529804589329,56.07435946119773],[37.212504956803,56.07701099473812],[37.20937119950858,56.08110339758386],[37.20517147035258,56.08600595362921]],""type"":""LineString""}}]}"
M11 = MKAD-M10;"{""type"":""FeatureCollection"",""features"":[{""type"":""Feature"",""properties"":{},""geometry"":{""coordinates"":[[37.4827351485589,55.88734842081789],[37.48507702576245,55.89100592959571],[37.4865627194479,55.89713396147894],[37.48605926812081,55.89973182778692],[37.48384329829432,55.90258352151346],[37.45982700118722,55.91633971251349],[37.45660356955031,55.919232884713836],[37.4516602262612,55.93291564100656],[37.44908849132048,55.94038687054643],[37.44784136739361,55.94251693587023],[37.44471886445439,55.94511166107759],[37.430463304177465,55.95363042329856],[37.42798327096503,55.95463913653293],[37.42516294573065,55.9555131918554],[37.41433491134512,55.957430405375334],[37.40262973426303,55.95952547169193],[37.39980940902859,55.95966643189675],[37.39696390231714,55.95948318353027],[37.39442057331044,55.95898981823191],[37.39123378771555,55.957745399695966],[37.38705366281309,55.955250204364916],[37.38312535266451,55.95408008562271],[37.38055519449594,55.95378493330168],[37.377281602704414,55.95377083516283],[37.37363028878525,55.9543911484341],[37.37063369322303,55.95537798997245],[37.35743860413265,55.96127033961221],[37.34829240193065,55.96539037795148],[37.34330646981883,55.96698295702555],[37.33296590095,55.97009319998514],[37.327046147098315,55.972715206728196],[37.32107812578448,55.976223769391225],[37.31339628091408,55.98145567065265],[37.309820531836095,55.98397735602924],[37.30720165840489,55.986358009368274],[37.296977975698184,55.998005610987576],[37.274066024465526,56.02497358587519],[37.27406774552989,56.02497559312815],[37.27210373388226,56.027486629363125],[37.27045204783789,56.03119461563489],[37.26867499223698,56.037491461292035],[37.26729040329738,56.04165217893993],[37.26513228600976,56.04531103136432],[37.263144297911964,56.047579348352],[37.260395807370855,56.050097999131566],[37.25776408895322,56.05203761822145],[37.254984175953155,56.053765336931264],[37.241743590010344,56.06032151486008],[37.235892129396575,56.06320687334161],[37.22027522851789,56.07080234550136],[37.214599956799844,56.07503489062532],[37.21263636680922,56.07695301802818],[37.2051895244995,56.086054382769305],[37.20093435979774,56.08929642712303],[37.19768267543279,56.091319810174525],[37.19355553758524,56.09339541164266],[37.1875524542333,56.09562786486629],[37.18261239529511,56.097075403145226],[37.174920911124445,56.098540326242016],[37.14606905498269,56.1029715932319],[37.140128477778234,56.10419217940918],[37.13246444865291,56.10684590412566],[37.12704728805318,56.109396223228345],[37.122638754443415,56.11213331282886],[37.11935580388359,56.114678457142276],[37.11629111783304,56.11792099437969],[37.10649845802541,56.132287116425175],[37.10384083138186,56.13462185364267],[37.1013028552606,56.13614363815677],[37.09798863850378,56.13785097521722],[37.093767702068504,56.13920982195614],[37.08917157128428,56.140098272702375],[37.08304339690429,56.140620881197066],[37.07922889066353,56.140551172633025],[37.074976688033416,56.140080824454486],[37.06694127570867,56.13898332299169],[37.06150028337669,56.138690096094365],[37.055059447039554,56.138672675050685]],""type"":""LineString""}}]}"
M11 = MKAD-SVO1;"{""type"":""FeatureCollection"",""features"":[{""type"":""Feature"",""properties"":{},""geometry"":{""coordinates"":[[37.48243539316698,55.8871859943348],[37.48510966105911,55.89166112184063],[37.48651195013963,55.897743121670516],[37.48570984656797,55.90028307155211],[37.48389134440265,55.90245397971421],[37.47205649381792,55.9093856736618],[37.4598010382,55.91619525368469],[37.45710224615004,55.91862055039337],[37.45569023270278,55.92105416647021],[37.45100185093884,55.93473642189059],[37.44888766728067,55.94103297775695],[37.44688521521539,55.94350293229658],[37.44288563156002,55.946151097944266],[37.43060319816374,55.953616243246046],[37.42636849218695,55.95532073485549],[37.41402921053486,55.95756336934147],[37.402754493612576,55.95944365168589],[37.398720209343566,55.959641094964496],[37.395446905443066,55.95917403034622],[37.39227487406146,55.95825122318223],[37.38690494413538,55.95525701397034],[37.38356752483139,55.95421498975793],[37.38005888535707,55.95375983742906],[37.376913946317245,55.95381972619893],[37.37282766497779,55.9545862942735],[37.35744225074916,55.9613039936369]],""type"":""LineString""}}]}"
M11 = MKAD-SVO2;"{""type"":""FeatureCollection"",""features"":[{""type"":""Feature"",""properties"":{},""geometry"":{""coordinates"":[[37.48243480764933,55.88738440757763],[37.48521765515798,55.89193896971807],[37.48643966502277,55.89807936676178],[37.48446564908852,55.90190015335517],[37.4809193066549,55.904624378019975],[37.45902690525867,55.9165925475136],[37.45634788363296,55.919647748052626],[37.45465586997602,55.924282764933],[37.44915684140227,55.940290331063636],[37.447134275262755,55.9432146625731],[37.44346824567154,55.94595193773415],[37.42901220836049,55.95436567970307],[37.42456347869964,55.95566630090025],[37.41412939447747,55.957481815354896]],""type"":""LineString""}}]}"
M11 = MKAD-Zelenograd;"{""type"":""FeatureCollection"",""features"":[{""type"":""Feature"",""properties"":{},""geometry"":{""coordinates"":[[37.48251315420896,55.88726074606723],[37.48479611692355,55.89103591870767],[37.48643516707662,55.896927736844845],[37.48620858963085,55.898897994639555],[37.485154914532615,55.90112964560285],[37.48287195181902,55.90321349786251],[37.45957401548418,55.916370367594],[37.45734959191341,55.918387824221384],[37.45600322928675,55.920306743468814],[37.44900305200417,55.94071446893349],[37.44754792092016,55.942773611157236],[37.444562508140365,55.945150248627215],[37.42935157927397,55.95425495119676],[37.42455148110648,55.95572968811115],[37.40161042245347,55.95964407514856],[37.39780548459717,55.959578539230506],[37.3943225030211,55.95898871097657],[37.390810252692205,55.95757964043048],[37.387356530833415,55.955416766280564],[37.384341849300824,55.95440083614184],[37.380741792713366,55.95382731541889],[37.37658562982398,55.95381092898759],[37.37295629504115,55.95459747573048],[37.35744385608746,55.96131519451325],[37.349512011649864,55.96487020738269],[37.34348264858562,55.96704891923687],[37.33556480738184,55.9692360561389],[37.3318599569472,55.97055866800014],[37.32533302508571,55.97360510624844],[37.32046776140646,55.97665874566991],[37.31226449861572,55.982213057285065],[37.30766930443568,55.98584800564987],[37.305559335335886,55.98807074189156],[37.28863925763082,56.00779268948736]],""type"":""LineString""}}]}"
M11 = SVO1-A107;"{""type"":""FeatureCollection"",""features"":[{""type"":""Feature"",""properties"":{},""geometry"":{""coordinates"":[[37.357348528792954,55.96136000670211],[37.34885801317287,55.96522128697791],[37.338510197260604,55.96833973211088],[37.33099255322068,55.97091349749999],[37.32285580908595,55.975268710440616],[37.312756393687664,55.98194249554487],[37.306270994015875,55.987292020791784],[37.28892210827661,56.00764177914627],[37.27236894648067,56.02724777551521],[37.27033476044741,56.031744892887986],[37.26776991718597,56.04078696049331],[37.264190063713016,56.046310451783484],[37.25941414867708,56.051151087913695],[37.251631176024716,56.055694805806496],[37.222775344085136,56.0696166821684],[37.21853008627582,56.0720356137451],[37.21401949985244,56.075540326892025],[37.21024713797294,56.07978535956252],[37.20511745145325,56.08600352161207],[37.199667827964305,56.090000713819734],[37.19527931794627,56.092676869629884],[37.188734545489666,56.09519302343594],[37.18210133016163,56.097265026659386],[37.174849014735855,56.09854763944975]],""type"":""LineString""}}]}"
M11 = SVO1-CKAD;"{""type"":""FeatureCollection"",""features"":[{""type"":""Feature"",""properties"":{},""geometry"":{""coordinates"":[[37.357480920375565,55.961429727680695],[37.34948887064533,55.96497113141581],[37.34232932609447,55.96736294881987],[37.33325534094345,55.97004138409551],[37.325929295356815,55.973333546095375],[37.320490261511964,55.97659437377226],[37.308945679042694,55.98459540972857],[37.30500515452263,55.988910808791246],[37.288641111522026,56.00768683355281],[37.272848267630906,56.02636448926913],[37.27129425796153,56.02927971623279],[37.26964192262133,56.034043927628716],[37.2669224149428,56.04238419606355],[37.26448039974758,56.04585619146397],[37.26153888144444,56.04932787443005],[37.256821352088735,56.05283023794951],[37.2474418465944,56.05764496569839],[37.225305365059654,56.06835990403616],[37.22058783570495,56.07090021970046],[37.216258808767066,56.073595249622],[37.212984288391624,56.07659983091435],[37.20521422921777,56.0860766568714]],""type"":""LineString""}}]}"
M11 = SVO1-M10;"{""type"":""FeatureCollection"",""features"":[{""type"":""Feature"",""properties"":{},""geometry"":{""coordinates"":[[37.357414606107056,55.961378503871856],[37.349366304842164,55.96509127871704],[37.33521544547571,55.969397651311255],[37.32796313004988,55.97231779219797],[37.32097101443958,55.97618086999111],[37.30876597632022,55.98498856760449],[37.30434383276824,55.98968848623463],[37.288273484347286,56.007976086508194],[37.27241835017401,56.027190701246724],[37.27096026328681,56.02989402108739],[37.26697341672974,56.04216382677669],[37.26458545921258,56.04601704142675],[37.25945577269138,56.05095649729245],[37.252067588337354,56.05541502044841],[37.23614787155017,56.06321716966701],[37.22449142421149,56.06872293717777],[37.219361736312635,56.071536851547506],[37.2152933642445,56.07444927888113],[37.21193253198044,56.078123964268],[37.205476202395204,56.085724131522966],[37.199803443439464,56.090138626434936],[37.19361244246667,56.093543019638474],[37.18538725545906,56.09625645085913],[37.175570096773356,56.09842705817661],[37.14640130574912,56.102919073554006],[37.139502761808615,56.10439879027592],[37.134903732513976,56.10592777113604],[37.129420274508874,56.10824578757047],[37.12473284956732,56.11071159760678],[37.11924939156225,56.11465658371412],[37.1136774906858,56.121312830769796],[37.109166918008384,56.128214408031454],[37.105452317424124,56.133586906943634],[37.101737716839835,56.135952539993895],[37.095988930222234,56.13861370320939],[37.090063257862,56.13999349310248],[37.084137585501736,56.14063409300513],[37.0786541274982,56.14058481646879],[37.07405517046962,56.13999341291466],[37.06618375494588,56.138958575135234],[37.0616731685225,56.138662902081734],[37.05477462458197,56.138662902081734]],""type"":""LineString""}}]}"
M11 = SVO2-A107;"{""type"":""FeatureCollection"",""features"":[{""type"":""Feature"",""properties"":{},""geometry"":{""coordinates"":[[37.41425792085511,55.95753159439553],[37.40526282443861,55.95908834258819],[37.40066228993274,55.95962646310849],[37.397709708084506,55.959549589206546],[37.39479145858465,55.959030686374234],[37.39211266564922,55.95815597287617],[37.38816445868184,55.95584961222258],[37.38461106076031,55.95445611309316],[37.38124649398969,55.953869867700604],[37.37807075188718,55.953764150325554],[37.37498084065021,55.95409091218826],[37.371271513638305,55.95513909625825],[37.35757160441261,55.9613091808414],[37.348134619268535,55.96537758731816],[37.344171176946986,55.96678888643427],[37.33682405467482,55.968825612217756],[37.33323665397026,55.96997910980423],[37.328721950331186,55.97192921219718],[37.323818927883536,55.97444238762364],[37.31335180974705,55.981450301462075],[37.30831299397559,55.98530410210395],[37.30185894500977,55.99248212801507],[37.288686852528286,56.00784024975616],[37.274360127832296,56.024498303704775],[37.27206575593442,56.027684202901526],[37.271370491723104,56.0291216567106],[37.266847231558415,56.04267521298971],[37.263146346809236,56.04789907602503],[37.25741935032687,56.052431999672336],[37.22788579882658,56.06713461674059],[37.22100268313528,56.07058865136895],[37.2159967808137,56.07400357231714],[37.21245093333596,56.07726298733465],[37.20517538052735,56.08599552504472],[37.201334104895665,56.08914188579067],[37.19549388552008,56.09251637720317],[37.18826313772311,56.0954639668376],[37.182631497611624,56.09709280116178],[37.17463595918085,56.09864400789053]],""type"":""LineString""}}]}"
M11 = SVO2-CKAD;"{""type"":""FeatureCollection"",""features"":[{""type"":""Feature"",""properties"":{},""geometry"":{""coordinates"":[[37.41416879101874,55.9575283560452],[37.4021889406242,55.95951471384694],[37.399714841086876,55.959605828732066],[37.396980310018336,55.959496490844145],[37.39411556318532,55.95891335022546],[37.39138102572173,55.95785634867241],[37.38783264612158,55.95574233255414],[37.38493534534604,55.95448480268732],[37.381679951217336,55.953883360919036],[37.37777347826287,55.95375578116111],[37.37432274450259,55.95422965885325],[37.369276883602566,55.95585169318511],[37.35747138033821,55.96139749139115],[37.347908409648454,55.96547385638223],[37.34204870021682,55.96740514861668],[37.33651453019692,55.968862663836404],[37.328652536659376,55.971918781554535],[37.322712273752956,55.975184627067335],[37.313466954427014,55.981377442157964],[37.30741191432605,55.98611246218323],[37.288596028492066,56.00782530851336],[37.27313652054556,56.025925866155944],[37.27102113716734,56.0296881589812],[37.26719467066633,56.04159365148013],[37.2652088748828,56.04512125724139],[37.26312542264105,56.04759402159215],[37.25960959698122,56.0507756543025],[37.255300574550745,56.053668463737694],[37.23602863357925,56.063174718370476],[37.22212992943213,56.069885243422476],[37.21869224066609,56.07194940220336],[37.215241522889016,56.074583966180256],[37.21285920326511,56.076596973549215],[37.20735758718769,56.08355462678773],[37.20610466525088,56.08508882048898],[37.2050954930709,56.08606965497833]],""type"":""LineString""}}]}"
M11 = SVO2-M10;"{""type"":""FeatureCollection"",""features"":[{""type"":""Feature"",""properties"":{},""geometry"":{""coordinates"":[[37.414135114628465,55.95762169252768],[37.40170303726927,55.95951688093595],[37.39715200895114,55.95954794882513],[37.393155984085524,55.9586469699091],[37.38982596336456,55.95706243887304],[37.387494948859455,55.9553224869417],[37.38261091846812,55.953893182205775],[37.3767278818608,55.95379996484641],[37.37262090321954,55.95460791034782],[37.35741380859284,55.96131884646334],[37.34653653796872,55.966040220270514],[37.33465946406301,55.96955014227635],[37.327555419858584,55.97243860030579],[37.32106193060295,55.976234452500364],[37.31334738259949,55.981513354140134],[37.30730904398246,55.98603419606917],[37.288634141256864,56.007784207787495],[37.27285998977604,56.02641181913725],[37.270713586472596,56.03026302589154],[37.26767106349399,56.04136927911571],[37.2642962468754,56.04643548133498],[37.25985621924738,56.0505270133732],[37.2552212478692,56.05359551716748],[37.24833920504503,56.05712848271105],[37.23596082216929,56.06322845253945],[37.22094016309336,56.07058583421667],[37.216833137536725,56.07324990958338],[37.21328111543451,56.076285491921794],[37.20519366876576,56.08605061849363],[37.201475145626944,56.08899230092209],[37.19670211592663,56.09187183558967],[37.19015692621585,56.094763385818396],[37.18427388960856,56.09665185414511],[37.17489433124362,56.0985092736272],[37.157689179013545,56.10120235122034],[37.147199613741634,56.10275002408443],[37.14035288073521,56.10426541628465],[37.13402584136455,56.106184368687025],[37.12714379854134,56.10943398924894],[37.12323996477082,56.11171054958774],[37.11946594128639,56.114588385588576],[37.116524422983275,56.11774447438836],[37.10675189737705,56.132055058085],[37.10232218496904,56.13568040070808],[37.09843716079459,56.13759778678582],[37.093553130403194,56.13920584331595],[37.08894660173857,56.14019538313471],[37.08289706409556,56.140751988089534],[37.076292522999154,56.14044276410934],[37.07108928031201,56.139421176482955],[37.063489983392344,56.138961518707305],[37.05522043193537,56.138683204275196]],""type"":""LineString""}}]}"
M11 = SVO2-SVO1;"{""type"":""FeatureCollection"",""features"":[{""type"":""Feature"",""properties"":{},""geometry"":{""coordinates"":[[37.41436497095577,55.95753318811788],[37.40231610043426,55.95949363589713],[37.398939081360965,55.95965700206358],[37.39557256888483,55.95928358371731],[37.3919454002511,55.95806997830917],[37.38715086699841,55.9553625675847],[37.38278229911987,55.95410213945837],[37.37819622383529,55.95372867647663],[37.373901989704876,55.954288869598656],[37.369015962019915,55.956044613347245],[37.357467390620684,55.96134246542124]],""type"":""LineString""}}]}"
M11 = SVO2-Zelenograd;"{""type"":""FeatureCollection"",""features"":[{""type"":""Feature"",""properties"":{},""geometry"":{""coordinates"":[[37.41420907306943,55.9574797654077],[37.402745985828744,55.95948911692756],[37.398751273608895,55.95961874892748],[37.395393399568206,55.95919744333992],[37.39168815924839,55.957868680294354],[37.386940820087915,55.95517860570581],[37.383351368527485,55.954109006038294],[37.37877771250763,55.95375246624877],[37.374840875780734,55.954044239787464],[37.369804064720256,55.95566483652223],[37.35735677302006,55.96146601666385],[37.34600090724385,55.96616741548016],[37.332569411083284,55.970120313965765],[37.322888127492405,55.9750213849795],[37.31269871661203,55.981791357498395],[37.306561914460474,55.98690855287512],[37.28860556489144,56.00773776807986]],""type"":""LineString""}}]}"
M11 = Zelenograd-A107;"{""type"":""FeatureCollection"",""features"":[{""type"":""Feature"",""properties"":{},""geometry"":{""coordinates"":[[37.288582433679125,56.007889963500446],[37.276515991990465,56.02215790513972],[37.27361539116177,56.02556198971615],[37.271468956822616,56.02867402039851],[37.26740813510071,56.04128166055605],[37.265801031742456,56.04447939824655],[37.26226231567125,56.0485618855252],[37.258955646554455,56.05138049366235],[37.25501084830964,56.053745373767015],[37.22792276504231,56.067125226158936],[37.22159944854948,56.070266310058514],[37.218582837870656,56.072079589312864],[37.21550821570915,56.07444320016029],[37.21318774615381,56.076547663164035],[37.20518300490417,56.0860653354857],[37.20118824099586,56.08910776491604],[37.19741747796735,56.09153505718254],[37.19213840972864,56.09402691810004],[37.18685934148991,56.095936156975085],[37.182566472812596,56.09710106978872],[37.17496693501846,56.09858951821002]],""type"":""LineString""}}]}"
M11 = Zelenograd-CKAD;"{""type"":""FeatureCollection"",""features"":[{""type"":""Feature"",""properties"":{},""geometry"":{""coordinates"":[[37.28851379534507,56.00780047248438],[37.2735494293797,56.02543210038155],[37.27169769375362,56.028319352877844],[37.26996846066163,56.032763921416205],[37.26730167616901,56.041558606179706],[37.26579483868841,56.044334773484934],[37.26313181972699,56.04754131296687],[37.26033046211785,56.05022610186077],[37.25638414912282,56.05305270337422],[37.25081601856638,56.05585297808875],[37.2359457605576,56.06317123917097],[37.222657211996534,56.06960499732918],[37.21874914520828,56.071921485890385],[37.215359848346964,56.074315044478965],[37.21255849073779,56.07705587253693],[37.20954966014057,56.08076148140745],[37.205191992747984,56.08601046911235]],""type"":""LineString""}}]}"
M11 = Zelenograd-M10;"{""type"":""FeatureCollection"",""features"":[{""type"":""Feature"",""properties"":{},""geometry"":{""coordinates"":[[37.28849885826821,56.007892552626515],[37.27294670316269,56.026250926245154],[37.27091629230074,56.03007602703775],[37.267667634072495,56.040738937557336],[37.26430295321654,56.04647429333244],[37.25966201410577,56.05081574706958],[37.254092868176855,56.05424968168663],[37.24457894299894,56.05888177425854],[37.22344642383962,56.06935149998196],[37.21967490952781,56.07139363255851],[37.21509198215614,56.074663853607774],[37.21091513695603,56.07893738757426],[37.2050559943018,56.086091259573834],[37.200241019974754,56.089910429494495],[37.194149787391865,56.09314671774456],[37.18542202303419,56.09643538905817],[37.17532798046844,56.09850629395751],[37.14533592027243,56.1030683366815],[37.1384905350844,56.10478301729836],[37.13181918098789,56.10711229390341],[37.126769270309666,56.10950878255636],[37.121606225548106,56.11290514876322],[37.11831091505786,56.11551728135322],[37.11500424594101,56.1197539446724],[37.10666248716805,56.13207934937461],[37.10341382979033,56.13508581020292],[37.099004937634845,56.137348582658944],[37.09384069279011,56.13915967851301],[37.08815554237978,56.1403879270745],[37.081890274579564,56.140711143857914],[37.07516091286874,56.140258639600006],[37.06807298385141,56.139127321909626],[37.06134362214058,56.13864247574068],[37.05507835434037,56.13867479900867]],""type"":""LineString""}}]}"
M12 = Moscow-CKAD;"{""type"":""FeatureCollection"",""features"":[{""type"":""Feature"",""properties"":{},""geometry"":{""coordinates"":[[37.96700622338369,55.710077603953295],[37.97283555736553,55.710739326941365],[37.97862138885637,55.71149906914343],[37.98378718578374,55.711650695955484],[37.987267385176494,55.711650695955484],[37.991617634418816,55.71125857431514],[37.99548935624304,55.710498827436254],[38.00166672951107,55.708562699924386],[38.00462489899459,55.70750878079423],[38.00854012331135,55.70669993985669],[38.0126728600909,55.70645483323665],[38.01737112927074,55.70665091865553],[38.02118881057385,55.70735414288484],[38.029149766685066,55.70953548754764],[38.032803976046495,55.71000115209475],[38.03819828510572,55.71002566060142],[38.04101779231269,55.710275741589044],[38.04510702659823,55.71113352414491],[38.05154539547587,55.713657746405005],[38.05706989304983,55.71495686234704],[38.06472633171313,55.71593706626922],[38.07107769560568,55.71628013183093],[38.080343726489104,55.71596157105225],[38.10083346866472,55.714986197669646],[38.10901193723723,55.71525575599793],[38.117190405809765,55.716333970709115],[38.123976807658465,55.71795126484878],[38.127457007051134,55.71853934506902],[38.13306882857171,55.719127416435214],[38.13650552547179,55.719862493191016],[38.1411602921591,55.721626620959],[38.14734126196936,55.72498802670671],[38.15243105358073,55.7265559384098],[38.15848669801528,55.7278995079881],[38.17306003297287,55.73103503461934],[38.18123850154532,55.733606958297884],[38.18624128817305,55.73527249465937],[38.20319137382103,55.74054429805014],[38.218715021075695,55.74561075040654],[38.22432684259621,55.74864691756122],[38.22667599156159,55.75036079480196],[38.23376689782461,55.757411316487946],[38.23742109130765,55.760911612161834],[38.240553270761325,55.76534161941288],[38.241684333193405,55.76875684072209],[38.242075855624904,55.77443384873135],[38.24159732917644,55.77723107055428],[38.24124930923597,55.780949774392155],[38.24211935908414,55.78505950788491],[38.24387140141823,55.788919898719826],[38.24665556093302,55.79229509247324],[38.24978707451896,55.79535936905893],[38.254311333728566,55.79829385153397],[38.260619195128584,55.80166823302119],[38.2648824272581,55.803208610697425],[38.27314790081573,55.80609360532654],[38.2852355476399,55.80963083050659],[38.296154673234554,55.814666376561064],[38.30311507339519,55.81706169929342],[38.31125003947659,55.81884587420586],[38.31729688592122,55.81948131400671],[38.3240397722453,55.819750150798114],[38.33097692819598,55.819384891524436],[38.33863336686076,55.81838284463538],[38.34881295008495,55.8170630361852],[38.354972640793136,55.81669836112982],[38.362977099396915,55.81684501009815],[38.37485327982483,55.81784709658953],[38.38648270433458,55.818924664868234],[38.39766286835831,55.82004889996264],[38.413628253800226,55.82149079534739],[38.4240253494857,55.82246832428976],[38.43594503240621,55.82281045361708],[38.445752333567185,55.82270078937876],[38.46136972834171,55.82245641090594],[38.46802560968072,55.82221203089807],[38.47536373780852,55.82132195827293],[38.4979414982528,55.81743602962845],[38.51395041546033,55.814698532670434],[38.52024553371456,55.81371735560245],[38.52411725553878,55.813228484270354],[38.53103415183162,55.81283738278313],[38.53651546587599,55.813032934017826],[38.544867944418655,55.813815129131825],[38.55242275613631,55.815387617915064],[38.559905184830825,55.81722075204053]],""type"":""LineString""}}]}"
M12 = Moscow-Elektrougli;"{""type"":""FeatureCollection"",""features"":[{""type"":""Feature"",""properties"":{},""geometry"":{""coordinates"":[[37.966810179956155,55.70992324223198],[37.9762255139907,55.71128248103332],[37.9850523896491,55.711713449315795],[37.991584277635724,55.711348784155405],[37.99699727608643,55.71008924379291],[38.006706839309516,55.70697277494392],[38.01241488556832,55.70650859874067],[38.0174756276121,55.70670753207443],[38.02441943646318,55.70823265398579],[38.03030874387346,55.709692509357836],[38.037546781912084,55.710024037334904],[38.04331367400883,55.710620780604586],[38.05008094534617,55.712974512398716],[38.055730145767086,55.71459883614432],[38.06049665264379,55.715460718798255],[38.065792778039224,55.71599108389563],[38.071924018452336,55.71627430371302],[38.078867827303384,55.71607541908742],[38.08981315311874,55.71547875913484],[38.101544655668334,55.71496327072586],[38.11243768421642,55.71573719252396],[38.12450833747312,55.71805886591798],[38.133340522782106,55.71905382655737],[38.140504406420945,55.72115421578434],[38.14766829006149,55.72502305814359],[38.154047090562415,55.72712312634141],[38.16739350391853,55.72988620188886],[38.17530617818278,55.73176964416797],[38.18619920673092,55.73525067299906]],""type"":""LineString""}}]}"
SOO = 1.0-10.5;"{""type"":""FeatureCollection"",""features"":[{""type"":""Feature"",""properties"":{},""geometry"":{""coordinates"":[[37.24854196377288,55.688699500077064],[37.25135994636318,55.69000525092926],[37.25785563504573,55.691230194044834],[37.26492421323658,55.692108648272665],[37.27378414155007,55.693293145533346],[37.28037535506806,55.6942622529628],[37.28610688820336,55.69537940297832],[37.294536954767494,55.69776162187668],[37.30119981819362,55.701153010056345],[37.305665604163806,55.70393856898505],[37.312395810434936,55.70981026542458],[37.320583063993894,55.71684717989763],[37.3267771060068,55.72207608218477],[37.328687602678286,55.7231386241063],[37.33148170406017,55.724026295191834],[37.334442973901304,55.72447012316783],[37.34003117666663,55.72491394609884],[37.34289242706592,55.72561874997035],[37.34592534053084,55.72695016446582],[37.34836122378718,55.728563939352],[37.35089263187746,55.729639752220294],[37.35436193082262,55.73040163286913],[37.35784858724696,55.73056299909305],[37.36135912488146,55.730347843979274],[37.36486966251593,55.73030750226329],[37.368595154546114,55.73038818113355],[37.37169971163644,55.73044196996781],[37.37442216939456,55.72987718351368],[37.378099875486754,55.728801377188006]],""type"":""LineString""}}]}"
SOO = 1.0-4.6;"{""type"":""FeatureCollection"",""features"":[{""type"":""Feature"",""properties"":{},""geometry"":{""coordinates"":[[37.37791769293847,55.72900437286515],[37.374702599362166,55.729832396717114],[37.37113858090214,55.730477962451914],[37.36692655908527,55.730309555028384],[37.36184222505838,55.73026745305933],[37.35770497286157,55.73056216589154],[37.3554120379074,55.73050603028531],[37.3530685211845,55.730225478467105],[37.350476507758884,55.72946763443926],[37.347934340747145,55.728429083545365],[37.3456912522052,55.726927346237716],[37.343846934960766,55.725986976646084],[37.341418290275726,55.72523294810193],[37.33822811990544,55.724699583790084],[37.33553641365717,55.724531151441056],[37.332602818034644,55.724234559427714],[37.33013542063949,55.72363099962743],[37.32789233209925,55.72273266078821],[37.32609786126534,55.72156759682676],[37.324078886079946,55.71995340322553],[37.321412104546766,55.71759467031427],[37.31458314770106,55.71164187048393]],""type"":""LineString""}}]}"
SOO = 10.5-13.4;"{""type"":""FeatureCollection"",""features"":[{""type"":""Feature"",""properties"":{},""geometry"":{""coordinates"":[[37.24961441686489,55.68928260155329],[37.244953511862946,55.686808803000275],[37.23953596643682,55.68370353779079],[37.23390457857212,55.68029086729578],[37.2296068609721,55.67785063016177],[37.22712508038708,55.67609288252342],[37.2257631404286,55.67459104714757],[37.22458278136955,55.672679546892226],[37.22434065643455,55.6708020896626],[37.22452226538445,55.66909523136738],[37.22485518717045,55.66639824479361],[37.2246828109362,55.66458438419883],[37.223986701747236,55.66236510236763],[37.22353271749421,55.66132370366813]],""type"":""LineString""}}]}"
SOO = 10.5-19.5;"{""type"":""FeatureCollection"",""features"":[{""type"":""Feature"",""properties"":{},""geometry"":{""coordinates"":[[37.249399651695796,55.68931552533451],[37.24588884013477,55.6873023786859],[37.23520350670722,55.68114219667248],[37.22869693180235,55.67735417495928],[37.22663886985333,55.67573293366303],[37.22518612024231,55.673923890378404],[37.22445974543635,55.67211476343945],[37.22427815173535,55.669622810123684],[37.22473746657164,55.66689752582778],[37.22455587287064,55.66413210339536],[37.22315350741266,55.66096226286322],[37.22176128903564,55.658708628701845],[37.22003614939328,55.65671098156335],[37.218189946762266,55.65517426000807],[37.21540551000726,55.65397899042799],[37.212530276401196,55.65315935591093],[37.209110261691166,55.65274953221811],[37.2049638452724,55.65292029528922],[37.20066612767232,55.65331304136757],[37.196913191177345,55.65336426882635],[37.19285759851232,55.65297152326187],[37.18940731818532,55.65218602031376],[37.18680450165769,55.651383398580094],[37.183959533668656,55.65005139547938],[37.1820225341867,55.648719347067015],[37.18038819087468,55.6473530964974],[37.17905650373066,55.645559820286906],[37.17838999548749,55.64436385026002],[37.17802680808447,55.64265583965627],[37.17754255821342,55.6397178871847],[37.17727015448028,55.6375795578397],[37.17693723269423,55.634743728331074],[37.17666481310323,55.63245444115131],[37.17621082885023,55.6297036713934],[37.17590817288993,55.6285417976035],[37.175091001232914,55.6274311507388],[37.17394090779092,55.626371735168135],[37.172185502010905,55.62551734691246],[37.1692194715549,55.62476546984044],[37.16340849220225,55.62421864626833]],""type"":""LineString""}}]}"
